millis,mx,my,mz
2025-04-14 12:48:06.359022,-67.980957,36.743164,-149.218750
2025-04-14 12:48:06.371022,-70.056152,37.353516,-149.816895
2025-04-14 12:48:06.384022,-72.253418,37.927246,-149.523926
2025-04-14 12:48:06.397022,-73.889160,38.769531,-148.266602
2025-04-14 12:48:06.410022,-74.633789,38.623047,-147.595215
2025-04-14 12:48:06.423022,-74.267578,37.963867,-145.556641
2025-04-14 12:48:06.436022,-73.498535,37.878418,-143.078613
2025-04-14 12:48:06.449022,-71.862793,37.841797,-141.735840
2025-04-14 12:48:06.462022,-71.386719,36.706543,-140.759277
2025-04-14 12:48:06.475022,-71.032715,36.010742,-137.609863
2025-04-14 12:48:06.488022,-70.922852,34.814453,-137.561035
2025-04-14 12:48:06.500022,-72.351074,34.069824,-138.220215
2025-04-14 12:48:06.513022,-72.387695,33.764648,-137.658691
2025-04-14 12:48:06.526022,-72.851562,33.679199,-136.877441
2025-04-14 12:48:06.539022,-72.961426,33.508301,-137.915039
2025-04-14 12:48:06.552022,-73.852539,33.776855,-138.598633
2025-04-14 12:48:06.565022,-74.353027,33.544922,-140.185547
2025-04-14 12:48:06.578022,-74.670410,34.106445,-141.784668
2025-04-14 12:48:06.591022,-73.669434,33.813477,-142.358398
2025-04-14 12:48:06.604022,-73.693848,34.204102,-142.456055
2025-04-14 12:48:06.617022,-72.766113,34.777832,-140.869141
2025-04-14 12:48:06.629022,-71.508789,33.813477,-138.854980
2025-04-14 12:48:06.642022,-69.372559,34.741211,-136.450195
2025-04-14 12:48:06.655022,-66.711426,35.119629,-135.034180
2025-04-14 12:48:06.668022,-64.111328,34.497070,-131.091309
2025-04-14 12:48:06.681022,-62.524414,34.643555,-128.588867
2025-04-14 12:48:06.694022,-61.230469,34.460449,-127.392578
2025-04-14 12:48:06.707022,-59.448242,34.289551,-125.781250
2025-04-14 12:48:06.720022,-58.386230,33.337402,-124.572754
2025-04-14 12:48:06.733022,-58.447266,33.630371,-123.669434
2025-04-14 12:48:06.746022,-58.129883,33.264160,-123.596191
2025-04-14 12:48:06.758022,-58.374023,32.714844,-123.913574
2025-04-14 12:48:06.771022,-58.288574,33.203125,-124.462891
2025-04-14 12:48:06.784022,-59.924316,32.751465,-124.987793
2025-04-14 12:48:06.797022,-60.375977,32.995605,-126.245117
2025-04-14 12:48:06.810022,-61.779785,33.288574,-127.258301
2025-04-14 12:48:06.823022,-62.963867,33.093262,-128.027344
2025-04-14 12:48:06.836022,-63.964844,33.178711,-128.845215
2025-04-14 12:48:06.849022,-65.661621,33.984375,-130.236816
2025-04-14 12:48:06.862022,-66.784668,33.764648,-131.787109
2025-04-14 12:48:06.875022,-67.395020,33.996582,-132.312012
2025-04-14 12:48:06.887022,-67.175293,34.069824,-131.738281
2025-04-14 12:48:06.900022,-67.272949,34.484863,-133.251953
2025-04-14 12:48:06.913022,-66.894531,34.301758,-133.435059
2025-04-14 12:48:06.926022,-66.625977,34.826660,-132.800293
2025-04-14 12:48:06.939022,-65.844727,35.632324,-132.775879
2025-04-14 12:48:06.952022,-64.782715,35.668945,-131.542969
2025-04-14 12:48:06.965022,-63.549805,36.071777,-129.980469
2025-04-14 12:48:06.978022,-62.768555,35.986328,-129.858398
2025-04-14 12:48:06.991022,-60.974121,36.914062,-128.686523
2025-04-14 12:48:07.004022,-59.338379,36.828613,-127.355957
2025-04-14 12:48:07.016022,-58.178711,36.376953,-126.672363
2025-04-14 12:48:07.029022,-57.409668,37.133789,-126.379395
2025-04-14 12:48:07.042022,-57.702637,37.646484,-127.221680
2025-04-14 12:48:07.055022,-57.666016,37.609863,-128.173828
2025-04-14 12:48:07.068022,-59.167480,38.366699,-129.797363
2025-04-14 12:48:07.081022,-60.998535,38.281250,-131.469727
2025-04-14 12:48:07.094022,-62.524414,37.988281,-133.825684
2025-04-14 12:48:07.107022,-64.013672,38.281250,-136.901855
2025-04-14 12:48:07.120022,-65.783691,37.988281,-140.173340
2025-04-14 12:48:07.133022,-68.212891,37.878418,-144.689941
2025-04-14 12:48:07.145022,-70.788574,37.707520,-147.143555
2025-04-14 12:48:07.158022,-72.912598,36.926270,-151.220703
2025-04-14 12:48:07.171022,-74.938965,37.060547,-153.576660
2025-04-14 12:48:07.184022,-76.513672,37.536621,-156.079102
2025-04-14 12:48:07.197022,-78.063965,37.756348,-157.531738
2025-04-14 12:48:07.210022,-78.979492,38.000488,-158.459473
2025-04-14 12:48:07.223022,-79.907227,38.732910,-158.386230
2025-04-14 12:48:07.236022,-80.664062,39.843750,-156.872559
2025-04-14 12:48:07.249022,-81.835938,41.186523,-156.494141
2025-04-14 12:48:07.262022,-82.482910,42.797852,-153.845215
2025-04-14 12:48:07.274022,-83.081055,44.494629,-152.783203
2025-04-14 12:48:07.287022,-84.130859,46.826172,-150.866699
2025-04-14 12:48:07.300022,-84.912109,49.694824,-149.340820
2025-04-14 12:48:07.313022,-85.034180,52.392578,-146.179199
2025-04-14 12:48:07.326022,-86.181641,55.200195,-143.762207
2025-04-14 12:48:07.339022,-86.767578,58.654785,-141.003418
2025-04-14 12:48:07.352022,-87.329102,60.998535,-137.268066
2025-04-14 12:48:07.365022,-87.219238,63.354492,-133.581543
2025-04-14 12:48:07.378022,-86.511230,66.333008,-130.371094
2025-04-14 12:48:07.391022,-85.815430,67.993164,-127.124023
2025-04-14 12:48:07.403022,-83.764648,69.360352,-124.145508
2025-04-14 12:48:07.416022,-82.458496,71.569824,-120.629883
2025-04-14 12:48:07.429022,-79.748535,73.034668,-118.774414
2025-04-14 12:48:07.442022,-77.917480,74.609375,-115.283203
2025-04-14 12:48:07.455022,-76.257324,75.512695,-113.452148
2025-04-14 12:48:07.468022,-74.499512,76.538086,-111.486816
2025-04-14 12:48:07.481022,-72.937012,77.844238,-109.436035
2025-04-14 12:48:07.494022,-71.044922,78.430176,-109.216309
2025-04-14 12:48:07.507022,-69.787598,79.248047,-108.410645
2025-04-14 12:48:07.520022,-69.140625,80.371094,-108.679199
2025-04-14 12:48:07.533022,-68.322754,81.774902,-108.666992
2025-04-14 12:48:07.545022,-67.089844,82.678223,-109.033203
2025-04-14 12:48:07.558022,-66.723633,83.056641,-110.925293
2025-04-14 12:48:07.571022,-66.113281,84.277344,-112.268066
2025-04-14 12:48:07.584022,-64.599609,84.008789,-114.147949
2025-04-14 12:48:07.597022,-63.793945,83.874512,-115.283203
2025-04-14 12:48:07.610022,-62.609863,84.143066,-118.249512
2025-04-14 12:48:07.623022,-61.706543,83.813477,-121.813965
2025-04-14 12:48:07.636022,-61.047363,83.288574,-124.548340
2025-04-14 12:48:07.649022,-60.375977,83.203125,-126.708984
2025-04-14 12:48:07.662022,-60.070801,81.567383,-128.930664
2025-04-14 12:48:07.674022,-58.850098,80.407715,-132.873535
2025-04-14 12:48:07.687022,-58.312988,79.357910,-135.534668
2025-04-14 12:48:07.700022,-57.666016,77.893066,-137.402344
2025-04-14 12:48:07.713022,-56.323242,75.866699,-140.930176
2025-04-14 12:48:07.726022,-55.212402,73.657227,-141.723633
2025-04-14 12:48:07.739022,-54.016113,71.154785,-143.395996
2025-04-14 12:48:07.752022,-51.672363,67.700195,-145.275879
2025-04-14 12:48:07.765022,-50.207520,64.782715,-146.264648
2025-04-14 12:48:07.778022,-48.608398,60.937500,-146.289062
2025-04-14 12:48:07.791022,-46.203613,57.031250,-145.373535
2025-04-14 12:48:07.803022,-43.823242,53.259277,-143.811035
2025-04-14 12:48:07.816022,-42.175293,50.183105,-142.529297
2025-04-14 12:48:07.829022,-39.953613,47.473145,-141.174316
2025-04-14 12:48:07.842022,-38.671875,44.641113,-139.843750
2025-04-14 12:48:07.855022,-36.865234,42.590332,-139.453125
2025-04-14 12:48:07.868022,-35.632324,40.112305,-139.257812
2025-04-14 12:48:07.881022,-34.143066,37.963867,-139.062500
2025-04-14 12:48:07.894022,-33.435059,36.340332,-137.341309
2025-04-14 12:48:07.907022,-32.238770,33.728027,-138.208008
2025-04-14 12:48:07.920022,-31.591797,31.884766,-135.705566
2025-04-14 12:48:07.933022,-30.566406,31.079102,-136.352539
2025-04-14 12:48:07.945022,-30.969238,29.345703,-137.011719
2025-04-14 12:48:07.958022,-30.187988,28.613281,-137.084961
2025-04-14 12:48:07.971022,-30.761719,28.747559,-137.487793
2025-04-14 12:48:07.984022,-31.164551,28.271484,-139.611816
2025-04-14 12:48:07.997022,-31.945801,27.429199,-140.905762
2025-04-14 12:48:08.010022,-32.751465,26.892090,-141.833496
2025-04-14 12:48:08.023022,-33.093262,27.075195,-142.944336
2025-04-14 12:48:08.036022,-34.008789,27.270508,-144.323730
2025-04-14 12:48:08.049022,-34.130859,27.807617,-144.262695
2025-04-14 12:48:08.062022,-35.095215,28.149414,-146.203613
2025-04-14 12:48:08.074022,-36.474609,28.979492,-145.520020
2025-04-14 12:48:08.087022,-37.683105,30.102539,-145.654297
2025-04-14 12:48:08.100022,-40.075684,30.908203,-147.192383
2025-04-14 12:48:08.113022,-41.101074,32.543945,-146.459961
2025-04-14 12:48:08.126022,-42.260742,34.375000,-144.433594
2025-04-14 12:48:08.139022,-42.431641,36.645508,-142.797852
2025-04-14 12:48:08.152022,-43.090820,39.221191,-140.136719
2025-04-14 12:48:08.165022,-42.016602,41.687012,-137.219238
2025-04-14 12:48:08.178022,-41.613770,42.919922,-133.666992
2025-04-14 12:48:08.191022,-41.198730,43.933105,-130.529785
2025-04-14 12:48:08.204022,-40.441895,45.104980,-127.185059
2025-04-14 12:48:08.216022,-38.537598,45.874023,-125.390625
2025-04-14 12:48:08.229022,-37.194824,47.058105,-123.168945
2025-04-14 12:48:08.242022,-34.960938,47.424316,-121.105957
2025-04-14 12:48:08.255022,-33.508301,48.376465,-120.214844
2025-04-14 12:48:08.268022,-32.653809,49.084473,-119.165039
2025-04-14 12:48:08.281022,-31.201172,49.084473,-117.578125
2025-04-14 12:48:08.294022,-30.273438,49.389648,-118.432617
2025-04-14 12:48:08.307022,-29.138184,49.584961,-117.419434
2025-04-14 12:48:08.320022,-28.503418,49.792480,-117.663574
2025-04-14 12:48:08.333022,-26.574707,50.012207,-117.565918
2025-04-14 12:48:08.345022,-25.415039,50.585938,-117.651367
2025-04-14 12:48:08.358022,-24.279785,50.378418,-116.918945
2025-04-14 12:48:08.371022,-22.326660,51.000977,-115.747070
2025-04-14 12:48:08.384022,-21.655273,50.939941,-113.842773
2025-04-14 12:48:08.397022,-20.239258,50.866699,-112.182617
2025-04-14 12:48:08.410022,-20.031738,50.622559,-109.802246
2025-04-14 12:48:08.423022,-19.335938,50.805664,-109.826660
2025-04-14 12:48:08.436022,-19.531250,51.074219,-108.300781
2025-04-14 12:48:08.449022,-18.933105,50.976562,-107.006836
2025-04-14 12:48:08.462022,-19.641113,50.830078,-107.531738
2025-04-14 12:48:08.474022,-19.091797,50.659180,-106.958008
2025-04-14 12:48:08.487022,-19.909668,49.768066,-106.347656
2025-04-14 12:48:08.500022,-20.715332,50.207520,-105.590820
2025-04-14 12:48:08.513022,-20.544434,50.073242,-105.273438
2025-04-14 12:48:08.526022,-21.435547,50.085449,-105.993652
2025-04-14 12:48:08.539022,-22.521973,49.951172,-107.995605
2025-04-14 12:48:08.552022,-24.060059,49.572754,-109.997559
2025-04-14 12:48:08.565022,-24.926758,49.157715,-111.511230
2025-04-14 12:48:08.578022,-27.062988,48.596191,-115.283203
2025-04-14 12:48:08.591022,-27.807617,46.752930,-117.541504
2025-04-14 12:48:08.604022,-28.723145,46.337891,-120.532227
2025-04-14 12:48:08.616022,-30.639648,45.617676,-124.499512
2025-04-14 12:48:08.629022,-32.849121,45.434570,-127.661133
2025-04-14 12:48:08.642022,-35.119629,46.154785,-134.020996
2025-04-14 12:48:08.655022,-38.891602,45.288086,-140.502930
2025-04-14 12:48:08.668022,-42.407227,44.750977,-149.157715
2025-04-14 12:48:08.681022,-46.337891,43.103027,-156.677246
2025-04-14 12:48:08.694022,-49.047852,41.540527,-165.100098
2025-04-14 12:48:08.707022,-53.454590,38.891602,-173.925781
2025-04-14 12:48:08.720022,-57.324219,36.669922,-181.042480
2025-04-14 12:48:08.733022,-61.535645,35.192871,-187.500000
2025-04-14 12:48:08.745022,-65.161133,33.959961,-190.441895
2025-04-14 12:48:08.758022,-68.029785,35.729980,-188.684082
2025-04-14 12:48:08.771022,-71.093750,37.670898,-184.423828
2025-04-14 12:48:08.784022,-71.691895,39.697266,-178.051758
2025-04-14 12:48:08.797022,-71.545410,42.504883,-170.825195
2025-04-14 12:48:08.810022,-72.021484,45.385742,-162.329102
2025-04-14 12:48:08.823022,-70.324707,47.290039,-153.723145
2025-04-14 12:48:08.836022,-68.920898,49.572754,-146.057129
2025-04-14 12:48:08.849022,-67.004395,50.878906,-140.686035
2025-04-14 12:48:08.862022,-64.123535,52.185059,-134.204102
2025-04-14 12:48:08.875022,-61.657715,52.197266,-129.504395
2025-04-14 12:48:08.887022,-58.630371,52.087402,-124.096680
2025-04-14 12:48:08.900022,-55.249023,52.148438,-118.518066
2025-04-14 12:48:08.913022,-51.794434,52.124023,-113.769531
2025-04-14 12:48:08.926022,-48.925781,51.306152,-108.789062
2025-04-14 12:48:08.939022,-47.106934,51.110840,-104.089355
2025-04-14 12:48:08.952022,-46.484375,51.208496,-103.076172
2025-04-14 12:48:08.965022,-45.483398,51.281738,-100.512695
2025-04-14 12:48:08.978022,-44.848633,51.049805,-100.695801
2025-04-14 12:48:08.991022,-44.287109,51.477051,-100.866699
2025-04-14 12:48:09.004022,-43.884277,50.708008,-101.721191
2025-04-14 12:48:09.016022,-43.481445,50.793457,-101.794434
2025-04-14 12:48:09.029022,-43.334961,50.695801,-102.819824
2025-04-14 12:48:09.042022,-43.090820,50.317383,-104.956055
2025-04-14 12:48:09.055022,-43.041992,50.451660,-107.006836
2025-04-14 12:48:09.068022,-43.566895,50.659180,-107.189941
2025-04-14 12:48:09.081022,-43.383789,50.805664,-109.655762
2025-04-14 12:48:09.094022,-44.763184,50.524902,-111.828613
2025-04-14 12:48:09.107022,-46.386719,50.744629,-114.941406
2025-04-14 12:48:09.120022,-48.669434,51.464844,-119.348145
2025-04-14 12:48:09.133022,-49.780273,52.294922,-122.070312
2025-04-14 12:48:09.145022,-51.757812,52.758789,-125.305176
2025-04-14 12:48:09.158022,-53.015137,53.527832,-129.528809
2025-04-14 12:48:09.171022,-53.613281,53.686523,-132.153320
2025-04-14 12:48:09.184022,-53.649902,53.308105,-132.983398
2025-04-14 12:48:09.197022,-55.285645,53.735352,-135.754395
2025-04-14 12:48:09.210022,-55.773926,53.662109,-138.024902
2025-04-14 12:48:09.223022,-57.006836,53.063965,-140.478516
2025-04-14 12:48:09.236022,-57.458496,52.648926,-142.626953
2025-04-14 12:48:09.249022,-57.739258,52.221680,-144.873047
2025-04-14 12:48:09.262022,-57.910156,51.721191,-148.376465
2025-04-14 12:48:09.275022,-58.361816,49.963379,-150.219727
2025-04-14 12:48:09.287022,-58.996582,49.133301,-151.464844
2025-04-14 12:48:09.300022,-59.106445,48.193359,-153.698730
2025-04-14 12:48:09.313022,-59.875488,46.362305,-156.420898
2025-04-14 12:48:09.326022,-60.705566,44.750977,-158.227539
2025-04-14 12:48:09.339022,-61.267090,40.942383,-161.096191
2025-04-14 12:48:09.352022,-61.499023,38.244629,-163.720703
2025-04-14 12:48:09.365022,-61.267090,34.582520,-164.111328
2025-04-14 12:48:09.378022,-60.791016,31.054688,-164.001465
2025-04-14 12:48:09.391022,-59.997559,26.208496,-161.340332
2025-04-14 12:48:09.404022,-58.935547,22.033691,-158.886719
2025-04-14 12:48:09.416022,-58.251953,18.054199,-154.882812
2025-04-14 12:48:09.429022,-57.983398,14.526367,-151.965332
2025-04-14 12:48:09.442022,-57.336426,11.730957,-147.717285
2025-04-14 12:48:09.455022,-56.701660,10.156250,-143.444824
2025-04-14 12:48:09.468022,-55.432129,8.288574,-139.367676
2025-04-14 12:48:09.481022,-54.614258,6.677246,-135.144043
2025-04-14 12:48:09.494022,-54.211426,6.250000,-131.140137
2025-04-14 12:48:09.507022,-53.686523,6.872559,-127.124023
2025-04-14 12:48:09.520022,-53.540039,7.458496,-123.022461
2025-04-14 12:48:09.533022,-54.089355,7.641602,-121.008301
2025-04-14 12:48:09.546022,-54.797363,8.288574,-117.858887
2025-04-14 12:48:09.558022,-55.749512,9.265137,-116.479492
2025-04-14 12:48:09.571022,-56.994629,10.339355,-115.002441
2025-04-14 12:48:09.584022,-58.642578,11.901855,-112.609863
2025-04-14 12:48:09.597022,-60.852051,13.830566,-112.805176
2025-04-14 12:48:09.610022,-62.866211,15.100098,-112.792969
2025-04-14 12:48:09.623022,-65.502930,16.552734,-113.684082
2025-04-14 12:48:09.636022,-68.310547,18.151855,-112.792969
2025-04-14 12:48:09.649022,-71.093750,20.092773,-113.244629
2025-04-14 12:48:09.662022,-73.681641,21.984863,-114.086914
2025-04-14 12:48:09.675022,-76.220703,23.876953,-115.466309
2025-04-14 12:48:09.688022,-76.977539,26.184082,-115.686035
2025-04-14 12:48:09.700022,-79.077148,28.613281,-116.467285
2025-04-14 12:48:09.713022,-80.493164,30.932617,-116.796875
2025-04-14 12:48:09.726022,-81.640625,33.276367,-119.091797
2025-04-14 12:48:09.739022,-82.641602,35.949707,-120.642090
2025-04-14 12:48:09.752022,-81.738281,37.939453,-122.192383
2025-04-14 12:48:09.765022,-80.920410,40.307617,-124.169922
2025-04-14 12:48:09.778022,-80.346680,42.346191,-126.306152
2025-04-14 12:48:09.791022,-79.565430,44.787598,-127.856445
2025-04-14 12:48:09.804022,-78.234863,46.997070,-129.528809
2025-04-14 12:48:09.817022,-77.380371,49.255371,-131.555176
2025-04-14 12:48:09.830022,-75.585938,50.866699,-132.214355
2025-04-14 12:48:09.842022,-74.035645,52.270508,-132.775879
2025-04-14 12:48:09.855022,-71.459961,54.711914,-133.728027
2025-04-14 12:48:09.868022,-70.007324,55.749512,-133.947754
2025-04-14 12:48:09.881022,-68.261719,56.896973,-133.618164
2025-04-14 12:48:09.894022,-65.966797,58.886719,-132.958984
2025-04-14 12:48:09.907022,-64.294434,59.826660,-132.641602
2025-04-14 12:48:09.920022,-62.976074,60.559082,-133.068848
2025-04-14 12:48:09.933022,-61.560059,60.656738,-132.482910
2025-04-14 12:48:09.946022,-61.010742,61.047363,-132.934570
2025-04-14 12:48:09.959022,-60.156250,61.242676,-132.934570
2025-04-14 12:48:09.971022,-59.936523,60.253906,-133.728027
2025-04-14 12:48:09.984022,-59.399414,59.729004,-133.923340
2025-04-14 12:48:09.997022,-58.117676,58.422852,-134.252930
2025-04-14 12:48:10.010022,-56.970215,57.519531,-136.437988
2025-04-14 12:48:10.023022,-56.469727,55.651855,-135.131836
2025-04-14 12:48:10.036022,-55.090332,53.515625,-135.717773
2025-04-14 12:48:10.049022,-53.857422,51.306152,-134.948730
2025-04-14 12:48:10.062022,-52.331543,48.437500,-135.144043
2025-04-14 12:48:10.075022,-51.013184,45.715332,-135.656738
2025-04-14 12:48:10.088022,-49.316406,43.261719,-132.995605
2025-04-14 12:48:10.101022,-47.753906,40.356445,-130.554199
2025-04-14 12:48:10.113022,-46.716309,38.903809,-130.029297
2025-04-14 12:48:10.126022,-46.057129,36.889648,-126.916504
2025-04-14 12:48:10.139022,-44.665527,35.339355,-123.791504
2025-04-14 12:48:10.152022,-43.383789,34.423828,-120.947266
2025-04-14 12:48:10.165022,-42.785645,33.178711,-118.518066
2025-04-14 12:48:10.178022,-41.223145,32.348633,-115.515137
2025-04-14 12:48:10.191022,-40.295410,31.652832,-111.145020
2025-04-14 12:48:10.204022,-39.514160,31.787109,-108.093262
2025-04-14 12:48:10.217022,-38.110352,31.958008,-106.665039
2025-04-14 12:48:10.230022,-37.805176,31.640625,-103.344727
2025-04-14 12:48:10.242022,-36.535645,31.591797,-100.305176
2025-04-14 12:48:10.255022,-36.425781,32.043457,-98.657227
2025-04-14 12:48:10.268022,-35.327148,32.189941,-97.119141
2025-04-14 12:48:10.281022,-34.973145,31.921387,-93.750000
2025-04-14 12:48:10.294022,-34.899902,32.421875,-93.139648
2025-04-14 12:48:10.307022,-34.216309,32.971191,-90.869141
2025-04-14 12:48:10.320022,-34.008789,33.215332,-91.186523
2025-04-14 12:48:10.333022,-34.326172,33.679199,-89.257812
2025-04-14 12:48:10.346022,-35.180664,34.008789,-88.598633
2025-04-14 12:48:10.359022,-35.131836,34.558105,-88.427734
2025-04-14 12:48:10.371022,-35.559082,34.423828,-87.963867
2025-04-14 12:48:10.384022,-35.559082,35.412598,-86.584473
2025-04-14 12:48:10.397022,-35.522461,35.864258,-87.536621
2025-04-14 12:48:10.410022,-35.693359,36.486816,-87.487793
2025-04-14 12:48:10.423022,-36.096191,37.316895,-86.254883
2025-04-14 12:48:10.436022,-35.864258,38.110352,-86.621094
2025-04-14 12:48:10.449022,-36.059570,38.818359,-86.791992
2025-04-14 12:48:10.462022,-36.352539,39.379883,-87.536621
2025-04-14 12:48:10.475022,-36.047363,40.307617,-87.878418
2025-04-14 12:48:10.488022,-35.937500,40.783691,-86.535645
2025-04-14 12:48:10.500022,-35.241699,41.613770,-87.487793
2025-04-14 12:48:10.513022,-34.899902,42.614746,-87.158203
2025-04-14 12:48:10.526022,-34.765625,43.103027,-87.377930
2025-04-14 12:48:10.539022,-33.886719,43.786621,-86.437988
2025-04-14 12:48:10.552022,-32.995605,44.897461,-86.047363
2025-04-14 12:48:10.565022,-32.629395,44.091797,-86.242676
2025-04-14 12:48:10.578022,-31.750488,44.897461,-86.389160
2025-04-14 12:48:10.591022,-30.493164,44.714355,-85.925293
2025-04-14 12:48:10.604022,-29.638672,44.909668,-85.632324
2025-04-14 12:48:10.617022,-28.527832,44.812012,-85.351562
2025-04-14 12:48:10.629022,-27.868652,44.750977,-84.863281
2025-04-14 12:48:10.642022,-27.294922,44.128418,-84.521484
2025-04-14 12:48:10.655022,-26.538086,44.824219,-85.083008
2025-04-14 12:48:10.668022,-26.440430,44.445801,-84.716797
2025-04-14 12:48:10.681022,-25.061035,44.360352,-84.313965
2025-04-14 12:48:10.694022,-24.206543,44.055176,-83.569336
2025-04-14 12:48:10.707022,-24.438477,44.238281,-83.752441
2025-04-14 12:48:10.720022,-23.413086,43.676758,-83.898926
2025-04-14 12:48:10.733022,-22.973633,43.627930,-84.167480
2025-04-14 12:48:10.746022,-22.546387,43.566895,-84.497070
2025-04-14 12:48:10.759022,-22.363281,42.602539,-83.361816
2025-04-14 12:48:10.771022,-21.557617,42.236328,-82.629395
2025-04-14 12:48:10.784022,-21.142578,41.589355,-83.166504
2025-04-14 12:48:10.797022,-20.971680,41.149902,-82.434082
2025-04-14 12:48:10.810022,-20.361328,40.686035,-82.678223
2025-04-14 12:48:10.823022,-20.373535,39.904785,-82.153320
2025-04-14 12:48:10.836022,-19.726562,39.465332,-82.543945
2025-04-14 12:48:10.849022,-19.372559,39.587402,-82.104492
2025-04-14 12:48:10.862022,-18.847656,38.720703,-80.847168
2025-04-14 12:48:10.875022,-19.262695,37.548828,-81.274414
2025-04-14 12:48:10.888022,-19.152832,37.487793,-81.213379
2025-04-14 12:48:10.900022,-18.603516,37.097168,-80.895996
2025-04-14 12:48:10.913022,-18.786621,36.584473,-81.079102
2025-04-14 12:48:10.926022,-18.945312,35.644531,-80.615234
2025-04-14 12:48:10.939022,-19.055176,36.193848,-81.030273
2025-04-14 12:48:10.952022,-19.628906,35.766602,-81.738281
2025-04-14 12:48:10.965022,-19.262695,35.522461,-82.165527
2025-04-14 12:48:10.978022,-20.202637,35.339355,-82.373047
2025-04-14 12:48:10.991022,-19.995117,35.424805,-82.495117
2025-04-14 12:48:11.004022,-20.349121,35.339355,-83.361816
2025-04-14 12:48:11.017022,-20.922852,34.741211,-83.508301
2025-04-14 12:48:11.030022,-21.301270,34.643555,-84.045410
2025-04-14 12:48:11.042022,-22.167969,35.144043,-85.156250
2025-04-14 12:48:11.055022,-22.692871,34.936523,-86.206055
2025-04-14 12:48:11.068022,-23.193359,35.485840,-87.634277
2025-04-14 12:48:11.081022,-24.291992,36.157227,-88.513184
2025-04-14 12:48:11.094022,-25.439453,36.865234,-89.782715
2025-04-14 12:48:11.107022,-26.513672,36.962891,-91.796875
2025-04-14 12:48:11.120022,-27.197266,37.365723,-93.273926
2025-04-14 12:48:11.133022,-28.393555,37.695312,-95.080566
2025-04-14 12:48:11.146022,-29.150391,37.487793,-97.314453
2025-04-14 12:48:11.159022,-30.786133,37.829590,-98.010254
2025-04-14 12:48:11.171022,-31.555176,38.110352,-100.122070
2025-04-14 12:48:11.184022,-33.093262,38.586426,-101.953125
2025-04-14 12:48:11.197022,-33.459473,39.318848,-103.942871
2025-04-14 12:48:11.210022,-35.559082,39.221191,-105.627441
2025-04-14 12:48:11.223022,-36.474609,39.392090,-109.143066
2025-04-14 12:48:11.236022,-38.427734,39.953613,-111.193848
2025-04-14 12:48:11.249022,-39.636230,40.698242,-112.622070
2025-04-14 12:48:11.262022,-41.235352,40.527344,-115.686035
2025-04-14 12:48:11.275022,-42.517090,41.174316,-117.687988
2025-04-14 12:48:11.288022,-43.945312,41.625977,-118.408203
2025-04-14 12:48:11.300022,-44.299316,42.248535,-120.617676
2025-04-14 12:48:11.313022,-45.153809,42.639160,-122.680664
2025-04-14 12:48:11.326022,-45.397949,43.542480,-124.511719
2025-04-14 12:48:11.339022,-45.568848,44.287109,-124.609375
2025-04-14 12:48:11.352022,-46.118164,44.946289,-125.708008
2025-04-14 12:48:11.365022,-45.495605,44.812012,-126.782227
2025-04-14 12:48:11.378022,-45.300293,45.202637,-127.795410
2025-04-14 12:48:11.391022,-45.495605,45.422363,-126.940918
2025-04-14 12:48:11.404022,-45.190430,45.751953,-128.613281
2025-04-14 12:48:11.417022,-44.702148,45.495605,-127.758789
2025-04-14 12:48:11.429022,-44.079590,45.239258,-128.247070
2025-04-14 12:48:11.442022,-43.774414,44.714355,-128.222656
2025-04-14 12:48:11.455022,-43.298340,43.994141,-128.466797
2025-04-14 12:48:11.468022,-43.029785,43.518066,-129.687500
2025-04-14 12:48:11.481022,-43.066406,41.906738,-129.638672
2025-04-14 12:48:11.494022,-42.956543,41.162109,-129.528809
2025-04-14 12:48:11.507022,-42.883301,39.831543,-130.615234
2025-04-14 12:48:11.520022,-43.286133,37.854004,-130.981445
2025-04-14 12:48:11.533022,-43.713379,36.230469,-131.323242
2025-04-14 12:48:11.546022,-44.299316,33.972168,-130.688477
2025-04-14 12:48:11.559022,-44.897461,32.141113,-131.201172
2025-04-14 12:48:11.571022,-46.411133,30.334473,-131.408691
2025-04-14 12:48:11.584022,-47.619629,28.271484,-131.298828
2025-04-14 12:48:11.597022,-49.182129,26.123047,-131.127930
2025-04-14 12:48:11.610022,-50.512695,24.328613,-131.018066
2025-04-14 12:48:11.623022,-52.893066,22.497559,-130.920410
2025-04-14 12:48:11.636022,-54.650879,20.727539,-131.127930
2025-04-14 12:48:11.649022,-57.739258,18.713379,-130.920410
2025-04-14 12:48:11.662022,-59.399414,16.723633,-129.785156
2025-04-14 12:48:11.675022,-61.889648,15.148926,-128.686523
2025-04-14 12:48:11.688022,-63.757324,13.635254,-127.636719
2025-04-14 12:48:11.701022,-66.101074,12.280273,-127.197266
2025-04-14 12:48:11.713022,-68.933105,10.510254,-126.647949
2025-04-14 12:48:11.726022,-71.643066,9.240723,-125.769043
2025-04-14 12:48:11.739022,-74.426270,8.447266,-126.477051
2025-04-14 12:48:11.752022,-77.978516,7.385254,-125.964355
2025-04-14 12:48:11.765022,-80.944824,6.689453,-125.231934
2025-04-14 12:48:11.778022,-84.680176,6.298828,-125.109863
2025-04-14 12:48:11.791022,-87.817383,6.286621,-125.268555
2025-04-14 12:48:11.804022,-91.198730,6.689453,-125.585938
2025-04-14 12:48:11.817022,-95.678711,6.640625,-126.770020
2025-04-14 12:48:11.830022,-99.865723,7.116699,-128.051758
2025-04-14 12:48:11.843022,-103.820801,7.482910,-129.699707
2025-04-14 12:48:11.855022,-108.447266,8.410645,-132.250977
2025-04-14 12:48:11.868022,-112.316895,10.144043,-134.045410
2025-04-14 12:48:11.881022,-115.930176,11.291504,-135.693359
2025-04-14 12:48:11.894022,-119.702148,13.867188,-138.427734
2025-04-14 12:48:11.907022,-122.729492,15.869141,-141.015625
2025-04-14 12:48:11.920022,-126.245117,18.298340,-143.774414
2025-04-14 12:48:11.933022,-128.833008,20.410156,-146.337891
2025-04-14 12:48:11.946022,-130.993652,23.217773,-149.609375
2025-04-14 12:48:11.959022,-133.056641,26.013184,-153.625488
2025-04-14 12:48:11.972022,-133.764648,27.893066,-155.834961
2025-04-14 12:48:11.985022,-134.020996,30.444336,-158.605957
2025-04-14 12:48:11.997022,-133.947754,33.288574,-160.791016
2025-04-14 12:48:12.010022,-132.458496,35.229492,-162.927246
2025-04-14 12:48:12.023022,-130.676270,38.085938,-166.613770
2025-04-14 12:48:12.036022,-128.259277,40.649414,-169.079590
2025-04-14 12:48:12.049022,-125.061035,43.688965,-169.738770
2025-04-14 12:48:12.062022,-122.204590,45.153809,-171.777344
2025-04-14 12:48:12.075022,-119.702148,46.875000,-172.521973
2025-04-14 12:48:12.088022,-117.370605,49.023438,-173.144531
2025-04-14 12:48:12.101022,-113.818359,50.390625,-174.047852
2025-04-14 12:48:12.114022,-111.437988,51.477051,-175.109863
2025-04-14 12:48:12.126022,-108.483887,52.819824,-174.987793
2025-04-14 12:48:12.139022,-106.994629,54.040527,-174.694824
2025-04-14 12:48:12.152022,-104.528809,54.956055,-174.780273
2025-04-14 12:48:12.165022,-102.978516,55.871582,-174.853516
2025-04-14 12:48:12.178022,-101.647949,55.944824,-173.986816
2025-04-14 12:48:12.191022,-99.731445,56.225586,-174.487305
2025-04-14 12:48:12.204022,-97.338867,56.628418,-175.097656
2025-04-14 12:48:12.217022,-95.898438,55.712891,-174.243164
2025-04-14 12:48:12.230022,-94.641113,55.322266,-175.280762
2025-04-14 12:48:12.243022,-93.957520,54.284668,-175.244141
2025-04-14 12:48:12.256022,-93.469238,53.051758,-176.806641
2025-04-14 12:48:12.268022,-92.236328,51.196289,-177.746582
2025-04-14 12:48:12.281022,-91.503906,49.023438,-177.624512
2025-04-14 12:48:12.294022,-89.868164,47.497559,-177.905273
2025-04-14 12:48:12.307022,-88.586426,45.349121,-177.429199
2025-04-14 12:48:12.320022,-87.219238,42.724609,-177.221680
2025-04-14 12:48:12.333022,-86.706543,40.136719,-176.464844
2025-04-14 12:48:12.346022,-85.351562,37.805176,-176.696777
2025-04-14 12:48:12.359022,-85.888672,35.168457,-173.852539
2025-04-14 12:48:12.372022,-85.827637,31.542969,-174.450684
2025-04-14 12:48:12.385022,-85.021973,29.272461,-172.961426
2025-04-14 12:48:12.398022,-84.777832,26.428223,-171.813965
2025-04-14 12:48:12.410022,-84.802246,24.377441,-170.715332
2025-04-14 12:48:12.423022,-85.302734,22.009277,-170.739746
2025-04-14 12:48:12.436022,-85.510254,20.214844,-167.871094
2025-04-14 12:48:12.449022,-86.181641,18.786621,-166.333008
2025-04-14 12:48:12.462022,-86.328125,17.749023,-165.393066
2025-04-14 12:48:12.475022,-87.463379,16.589355,-164.123535
2025-04-14 12:48:12.488022,-88.146973,14.843750,-162.390137
2025-04-14 12:48:12.501022,-88.610840,14.636230,-161.535645
2025-04-14 12:48:12.514022,-88.684082,13.232422,-160.131836
2025-04-14 12:48:12.527022,-89.416504,11.889648,-159.338379
2025-04-14 12:48:12.539022,-90.307617,11.413574,-157.824707
2025-04-14 12:48:12.552022,-90.454102,10.546875,-156.872559
2025-04-14 12:48:12.565022,-91.101074,10.266113,-155.322266
2025-04-14 12:48:12.578022,-90.917969,9.875488,-154.638672
2025-04-14 12:48:12.591022,-90.661621,9.460449,-152.990723
2025-04-14 12:48:12.604022,-91.113281,9.216309,-151.953125
2025-04-14 12:48:12.617022,-90.979004,9.570312,-151.159668
2025-04-14 12:48:12.630022,-90.673828,9.643555,-150.036621
2025-04-14 12:48:12.643022,-90.087891,10.046387,-148.315430
2025-04-14 12:48:12.656022,-89.123535,9.814453,-148.632812
2025-04-14 12:48:12.669022,-88.830566,10.559082,-148.535156
2025-04-14 12:48:12.681022,-88.269043,10.327148,-146.618652
2025-04-14 12:48:12.694022,-86.804199,10.595703,-145.446777
2025-04-14 12:48:12.707022,-86.267090,12.255859,-144.714355
2025-04-14 12:48:12.720022,-85.864258,12.780762,-144.555664
2025-04-14 12:48:12.733022,-84.387207,13.574219,-143.530273
2025-04-14 12:48:12.746022,-83.947754,14.746094,-142.846680
2025-04-14 12:48:12.759022,-82.958984,15.307617,-142.919922
2025-04-14 12:48:12.772022,-82.250977,16.186523,-141.467285
2025-04-14 12:48:12.785022,-80.895996,16.638184,-140.490723
2025-04-14 12:48:12.798022,-80.151367,16.882324,-140.478516
2025-04-14 12:48:12.810022,-78.784180,18.261719,-139.001465
2025-04-14 12:48:12.823022,-77.343750,18.078613,-138.903809
2025-04-14 12:48:12.836022,-76.879883,18.859863,-138.391113
2025-04-14 12:48:12.849022,-76.245117,18.859863,-136.816406
2025-04-14 12:48:12.862022,-76.147461,19.458008,-137.963867
2025-04-14 12:48:12.875022,-75.805664,19.470215,-137.084961
2025-04-14 12:48:12.888022,-75.439453,18.896484,-136.962891
2025-04-14 12:48:12.901022,-75.524902,19.335938,-135.473633
2025-04-14 12:48:12.914022,-75.659180,19.372559,-136.511230
2025-04-14 12:48:12.927022,-75.280762,19.079590,-136.889648
2025-04-14 12:48:12.940022,-75.610352,19.165039,-135.876465
2025-04-14 12:48:12.952022,-75.598145,18.701172,-136.657715
2025-04-14 12:48:12.965022,-75.561523,18.908691,-136.352539
2025-04-14 12:48:12.978022,-75.219727,18.566895,-134.875488
2025-04-14 12:48:12.991022,-75.292969,18.530273,-134.289551
2025-04-14 12:48:13.004022,-75.195312,18.444824,-134.094238
2025-04-14 12:48:13.017022,-74.645996,18.945312,-133.520508
2025-04-14 12:48:13.030022,-73.803711,18.798828,-132.995605
2025-04-14 12:48:13.043022,-73.132324,19.580078,-131.579590
2025-04-14 12:48:13.056022,-72.314453,19.958496,-130.957031
2025-04-14 12:48:13.069022,-71.252441,19.750977,-129.980469
2025-04-14 12:48:13.082022,-70.751953,19.238281,-128.442383
2025-04-14 12:48:13.094022,-70.275879,19.909668,-127.673340
2025-04-14 12:48:13.107022,-68.908691,20.153809,-126.220703
2025-04-14 12:48:13.120022,-68.066406,21.252441,-125.524902
2025-04-14 12:48:13.133022,-67.907715,21.667480,-125.317383
2025-04-14 12:48:13.146022,-68.151855,22.106934,-122.998047
2025-04-14 12:48:13.159022,-67.419434,23.461914,-123.937988
2025-04-14 12:48:13.172022,-66.748047,23.461914,-122.705078
2025-04-14 12:48:13.185022,-66.247559,23.791504,-122.204590
2025-04-14 12:48:13.198022,-66.235352,24.450684,-121.850586
2025-04-14 12:48:13.211022,-66.040039,25.048828,-120.776367
2025-04-14 12:48:13.223022,-65.307617,25.476074,-121.423340
2025-04-14 12:48:13.236022,-64.416504,25.207520,-120.288086
2025-04-14 12:48:13.249022,-63.903809,25.354004,-120.031738
2025-04-14 12:48:13.262022,-63.537598,26.245117,-118.957520
2025-04-14 12:48:13.275022,-62.829590,26.098633,-119.763184
2025-04-14 12:48:13.288022,-62.109375,25.830078,-119.335938
2025-04-14 12:48:13.301022,-61.450195,25.683594,-117.773438
2025-04-14 12:48:13.314022,-60.864258,26.049805,-118.408203
2025-04-14 12:48:13.327022,-59.716797,25.866699,-118.542480
2025-04-14 12:48:13.340022,-59.802246,25.476074,-116.369629
2025-04-14 12:48:13.353022,-58.203125,25.390625,-116.809082
2025-04-14 12:48:13.365022,-57.580566,25.329590,-115.966797
2025-04-14 12:48:13.378022,-56.494141,25.073242,-115.612793
2025-04-14 12:48:13.391022,-56.396484,24.853516,-114.245605
2025-04-14 12:48:13.404022,-55.529785,25.329590,-115.063477
2025-04-14 12:48:13.417022,-55.187988,25.817871,-114.196777
2025-04-14 12:48:13.430022,-54.980469,25.830078,-113.452148
2025-04-14 12:48:13.443022,-54.431152,25.427246,-112.402344
2025-04-14 12:48:13.456022,-54.321289,25.561523,-112.683105
2025-04-14 12:48:13.469022,-53.918457,25.476074,-112.622070
2025-04-14 12:48:13.482022,-53.735352,25.488281,-111.975098
2025-04-14 12:48:13.494022,-53.320312,25.207520,-112.133789
2025-04-14 12:48:13.507022,-53.369141,26.269531,-111.376953
2025-04-14 12:48:13.520022,-53.552246,25.598145,-112.145996
2025-04-14 12:48:13.533022,-53.808594,26.391602,-113.183594
2025-04-14 12:48:13.546022,-54.748535,26.245117,-113.684082
2025-04-14 12:48:13.559022,-54.943848,26.257324,-114.086914
2025-04-14 12:48:13.572022,-55.639648,26.599121,-114.562988
2025-04-14 12:48:13.585022,-56.933594,26.684570,-115.966797
2025-04-14 12:48:13.598022,-57.690430,26.940918,-116.735840
2025-04-14 12:48:13.611022,-58.557129,27.233887,-118.847656
2025-04-14 12:48:13.623022,-59.143066,27.026367,-121.118164
2025-04-14 12:48:13.636022,-59.924316,27.050781,-120.764160
2025-04-14 12:48:13.649022,-60.913086,27.746582,-122.253418
2025-04-14 12:48:13.662022,-61.791992,28.637695,-123.583984
2025-04-14 12:48:13.675022,-62.194824,28.930664,-125.109863
2025-04-14 12:48:13.688022,-62.292480,28.674316,-126.428223
2025-04-14 12:48:13.701022,-61.999512,28.723145,-127.648926
2025-04-14 12:48:13.714022,-61.242676,29.101562,-127.563477
2025-04-14 12:48:13.727022,-60.839844,28.881836,-127.844238
2025-04-14 12:48:13.740022,-57.958984,29.223633,-129.968262
2025-04-14 12:48:13.753022,-52.929688,29.125977,-127.685547
2025-04-14 12:48:13.765022,-46.093750,29.003906,-126.721191
2025-04-14 12:48:13.778022,-40.417480,28.515625,-122.949219
2025-04-14 12:48:13.791022,-36.108398,27.514648,-121.362305
2025-04-14 12:48:13.804022,-32.751465,27.563477,-119.445801
2025-04-14 12:48:13.817022,-30.627441,27.429199,-117.309570
2025-04-14 12:48:13.830022,-28.784180,27.282715,-116.186523
2025-04-14 12:48:13.843022,-27.661133,26.770020,-114.978027
2025-04-14 12:48:13.856022,-25.024414,26.745605,-114.367676
2025-04-14 12:48:13.869022,-24.328613,26.782227,-113.232422
2025-04-14 12:48:13.882022,-23.217773,25.915527,-113.854980
2025-04-14 12:48:13.894022,-23.254395,25.207520,-113.720703
2025-04-14 12:48:13.907022,-23.010254,24.853516,-113.342285
2025-04-14 12:48:13.920022,-22.546387,25.268555,-114.782715
2025-04-14 12:48:13.933022,-22.167969,24.462891,-114.013672
2025-04-14 12:48:13.946022,-21.374512,24.206543,-113.134766
2025-04-14 12:48:13.959022,-19.848633,23.950195,-111.132812
2025-04-14 12:48:13.972022,-19.104004,23.901367,-109.326172
2025-04-14 12:48:13.985022,-17.602539,23.913574,-107.824707
2025-04-14 12:48:13.998022,-16.625977,23.547363,-104.785156
2025-04-14 12:48:14.011022,-15.393066,24.230957,-101.062012
2025-04-14 12:48:14.024022,-14.147949,23.718262,-100.183105
2025-04-14 12:48:14.036022,-12.841797,24.096680,-98.229980
2025-04-14 12:48:14.049022,-12.500000,24.584961,-97.180176
2025-04-14 12:48:14.062022,-11.132812,24.743652,-94.958496
2025-04-14 12:48:14.075022,-10.668945,25.048828,-94.262695
2025-04-14 12:48:14.088022,-10.290527,24.792480,-92.187500
2025-04-14 12:48:14.101022,-10.168457,24.804688,-90.808105
2025-04-14 12:48:14.114022,-9.814453,24.560547,-91.052246
2025-04-14 12:48:14.127022,-10.205078,24.389648,-91.870117
2025-04-14 12:48:14.140022,-10.253906,24.499512,-91.723633
2025-04-14 12:48:14.153022,-9.790039,24.523926,-92.553711
2025-04-14 12:48:14.165022,-9.582520,23.767090,-92.407227
2025-04-14 12:48:14.178022,-9.814453,24.279785,-93.725586
2025-04-14 12:48:14.191022,-9.802246,24.011230,-94.616699
2025-04-14 12:48:14.204022,-9.753418,23.645020,-94.470215
2025-04-14 12:48:14.217022,-9.387207,23.583984,-94.653320
2025-04-14 12:48:14.230022,-9.899902,22.998047,-95.153809
2025-04-14 12:48:14.243022,-9.606934,22.546387,-95.996094
2025-04-14 12:48:14.256022,-10.241699,21.875000,-97.595215
2025-04-14 12:48:14.269022,-10.839844,20.678711,-99.572754
2025-04-14 12:48:14.282022,-10.961914,20.153809,-102.917480
2025-04-14 12:48:14.294022,-11.523438,19.116211,-106.469727
2025-04-14 12:48:14.307022,-12.121582,18.383789,-109.960938
2025-04-14 12:48:14.320022,-13.000488,17.272949,-113.293457
2025-04-14 12:48:14.333022,-13.195801,15.881348,-120.153809
2025-04-14 12:48:14.346022,-13.122559,15.051270,-123.010254
2025-04-14 12:48:14.359022,-13.049316,12.622070,-127.197266
2025-04-14 12:48:14.372022,-12.805176,11.059570,-131.274414
2025-04-14 12:48:14.385022,-13.122559,8.215332,-135.888672
2025-04-14 12:48:14.398022,-13.256836,5.920410,-138.195801
2025-04-14 12:48:14.411022,-12.536621,3.686523,-141.357422
2025-04-14 12:48:14.423022,-12.780762,1.367188,-145.776367
2025-04-14 12:48:14.436022,-12.048340,-0.988770,-148.718262
2025-04-14 12:48:14.449022,-11.535645,-1.916504,-149.438477
2025-04-14 12:48:14.462022,-11.071777,-2.172852,-147.314453
2025-04-14 12:48:14.475022,-9.729004,-0.402832,-143.664551
2025-04-14 12:48:14.488022,-8.483887,0.988770,-138.342285
2025-04-14 12:48:14.501022,-7.812500,2.966309,-131.579590
2025-04-14 12:48:14.514022,-7.006836,5.554199,-125.573730
2025-04-14 12:48:14.527022,-5.493164,7.714844,-120.971680
2025-04-14 12:48:14.540022,-5.212402,7.519531,-116.894531
2025-04-14 12:48:14.553022,-4.821777,8.679199,-115.905762
2025-04-14 12:48:14.565022,-3.979492,8.972168,-114.941406
2025-04-14 12:48:14.578022,-3.527832,9.582520,-115.759277
2025-04-14 12:48:14.591022,-2.905273,9.741211,-114.990234
2025-04-14 12:48:14.604022,-2.844238,9.692383,-115.307617
2025-04-14 12:48:14.617022,-1.977539,9.301758,-115.881348
2025-04-14 12:48:14.630022,-2.050781,8.898926,-117.175293
2025-04-14 12:48:14.643022,-1.940918,8.422852,-120.629883
2025-04-14 12:48:14.656022,-2.075195,7.299805,-123.461914
2025-04-14 12:48:14.669022,-2.001953,6.420898,-125.854492
2025-04-14 12:48:14.682022,-1.940918,5.932617,-130.456543
2025-04-14 12:48:14.695022,-2.014160,4.760742,-136.010742
2025-04-14 12:48:14.707022,-2.038574,3.540039,-142.004395
2025-04-14 12:48:14.720022,-3.173828,2.453613,-147.534180
2025-04-14 12:48:14.733022,-3.332520,1.550293,-154.040527
2025-04-14 12:48:14.746022,-4.992676,-0.292969,-161.804199
2025-04-14 12:48:14.759022,-6.164551,-2.795410,-169.506836
2025-04-14 12:48:14.772022,-8.288574,-5.200195,-178.076172
2025-04-14 12:48:14.785022,-10.693359,-8.081055,-186.718750
2025-04-14 12:48:14.798022,-12.536621,-10.412598,-195.910645
2025-04-14 12:48:14.811022,-13.928223,-12.182617,-202.258301
2025-04-14 12:48:14.824022,-14.941406,-12.719727,-205.395508
2025-04-14 12:48:14.836022,-15.686035,-12.145996,-207.995605
2025-04-14 12:48:14.849022,-16.394043,-12.524414,-209.326172
2025-04-14 12:48:14.862022,-15.991211,-12.438965,-211.132812
2025-04-14 12:48:14.875022,-17.102051,-13.854980,-213.134766
2025-04-14 12:48:14.888022,-17.236328,-13.940430,-213.818359
2025-04-14 12:48:14.901022,-17.077637,-14.880371,-214.489746
2025-04-14 12:48:14.914022,-17.712402,-15.270996,-214.282227
2025-04-14 12:48:14.927022,-17.675781,-15.344238,-213.281250
2025-04-14 12:48:14.940022,-17.321777,-15.124512,-212.878418
2025-04-14 12:48:14.953022,-18.151855,-15.295410,-212.854004
2025-04-14 12:48:14.966022,-18.713379,-15.368652,-213.635254
2025-04-14 12:48:14.978022,-18.518066,-15.319824,-213.500977
2025-04-14 12:48:14.991022,-18.994141,-14.184570,-214.746094
2025-04-14 12:48:15.004022,-18.945312,-13.757324,-214.965820
2025-04-14 12:48:15.017022,-18.652344,-13.171387,-213.537598
2025-04-14 12:48:15.030022,-17.871094,-12.353516,-215.014648
2025-04-14 12:48:15.043022,-17.834473,-12.036133,-214.538574
2025-04-14 12:48:15.056022,-17.565918,-11.376953,-213.696289
2025-04-14 12:48:15.069022,-16.918945,-10.803223,-213.574219
2025-04-14 12:48:15.082022,-16.552734,-10.449219,-213.293457
2025-04-14 12:48:15.095022,-16.894531,-9.863281,-214.062500
2025-04-14 12:48:15.107022,-16.284180,-9.484863,-213.513184
2025-04-14 12:48:15.120022,-15.039062,-8.532715,-211.218262
2025-04-14 12:48:15.133022,-14.770508,-7.519531,-211.254883
2025-04-14 12:48:15.146022,-14.123535,-6.567383,-209.460449
2025-04-14 12:48:15.159022,-13.964844,-6.481934,-209.130859
2025-04-14 12:48:15.172022,-14.184570,-5.871582,-210.290527
2025-04-14 12:48:15.185022,-14.282227,-5.236816,-210.046387
2025-04-14 12:48:15.198022,-14.477539,-4.943848,-209.436035
2025-04-14 12:48:15.211022,-13.464355,-4.443359,-208.605957
2025-04-14 12:48:15.224022,-13.378906,-4.479980,-206.958008
2025-04-14 12:48:15.237022,-12.756348,-3.125000,-206.921387
2025-04-14 12:48:15.249022,-12.988281,-3.186035,-207.226562
2025-04-14 12:48:15.262022,-12.731934,-2.404785,-207.287598
2025-04-14 12:48:15.275022,-12.573242,-2.758789,-206.677246
2025-04-14 12:48:15.288022,-12.438965,-3.344727,-207.055664
2025-04-14 12:48:15.301022,-12.390137,-3.405762,-207.519531
2025-04-14 12:48:15.314022,-12.548828,-2.709961,-208.044434
2025-04-14 12:48:15.327022,-12.402344,-2.880859,-210.217285
2025-04-14 12:48:15.340022,-12.402344,-2.673340,-210.266113
2025-04-14 12:48:15.353022,-12.731934,-3.344727,-212.377930
2025-04-14 12:48:15.366022,-12.573242,-3.845215,-213.488770
2025-04-14 12:48:15.378022,-11.791992,-4.064941,-215.051270
2025-04-14 12:48:15.391022,-12.817383,-4.199219,-215.527344
2025-04-14 12:48:15.404022,-12.390137,-4.003906,-215.820312
2025-04-14 12:48:15.417022,-12.207031,-3.503418,-215.112305
2025-04-14 12:48:15.430022,-12.036133,-2.856445,-214.294434
2025-04-14 12:48:15.443022,-11.987305,-2.233887,-215.881348
2025-04-14 12:48:15.456022,-12.365723,-1.806641,-217.431641
2025-04-14 12:48:15.469022,-13.073730,-1.086426,-218.664551
2025-04-14 12:48:15.482022,-14.245605,-0.646973,-220.837402
2025-04-14 12:48:15.495022,-14.184570,-1.379395,-222.399902
2025-04-14 12:48:15.507022,-15.258789,-1.940918,-224.353027
2025-04-14 12:48:15.520022,-16.345215,-3.454590,-227.575684
2025-04-14 12:48:15.533022,-17.895508,-4.187012,-230.444336
2025-04-14 12:48:15.546022,-19.079590,-5.053711,-233.032227
2025-04-14 12:48:15.559022,-20.349121,-6.604004,-234.741211
2025-04-14 12:48:15.572022,-21.936035,-8.654785,-236.132812
2025-04-14 12:48:15.585022,-23.364258,-10.192871,-237.402344
2025-04-14 12:48:15.598022,-24.658203,-11.169434,-235.754395
2025-04-14 12:48:15.611022,-26.440430,-12.622070,-236.145020
2025-04-14 12:48:15.624022,-28.784180,-15.173340,-237.634277
2025-04-14 12:48:15.637022,-30.627441,-18.041992,-236.962891
2025-04-14 12:48:15.649022,-32.031250,-21.752930,-237.573242
2025-04-14 12:48:15.662022,-31.591797,-26.696777,-235.717773
2025-04-14 12:48:15.675022,-30.419922,-32.458496,-230.310059
2025-04-14 12:48:15.688022,-28.918457,-36.425781,-223.596191
2025-04-14 12:48:15.701022,-26.123047,-38.488770,-215.283203
2025-04-14 12:48:15.714022,-22.595215,-41.137695,-203.942871
2025-04-14 12:48:15.727022,-20.117188,-43.847656,-193.090820
2025-04-14 12:48:15.740022,-19.348145,-45.458984,-183.203125
2025-04-14 12:48:15.753022,-18.334961,-46.411133,-176.123047
2025-04-14 12:48:15.766022,-18.176270,-46.972656,-169.738770
2025-04-14 12:48:15.778022,-17.236328,-47.106934,-166.186523
2025-04-14 12:48:15.791022,-17.431641,-47.607422,-165.039062
2025-04-14 12:48:15.804022,-17.639160,-48.364258,-165.625000
2025-04-14 12:48:15.817022,-17.114258,-49.316406,-166.186523
2025-04-14 12:48:15.830022,-17.858887,-51.062012,-166.247559
2025-04-14 12:48:15.843022,-18.273926,-52.160645,-168.103027
2025-04-14 12:48:15.856022,-18.505859,-53.833008,-170.275879
2025-04-14 12:48:15.869022,-19.140625,-54.431152,-174.609375
2025-04-14 12:48:15.882022,-19.421387,-54.077148,-177.819824
2025-04-14 12:48:15.895022,-18.872070,-53.479004,-182.751465
2025-04-14 12:48:15.907022,-19.458008,-52.099609,-188.220215
2025-04-14 12:48:15.920022,-19.494629,-50.891113,-193.457031
2025-04-14 12:48:15.933022,-19.946289,-50.097656,-198.181152
2025-04-14 12:48:15.946022,-20.935059,-48.718262,-201.000977
2025-04-14 12:48:15.959022,-21.667480,-48.339844,-207.019043
2025-04-14 12:48:15.972022,-22.729492,-47.619629,-211.523438
2025-04-14 12:48:15.985022,-23.376465,-47.314453,-217.468262
2025-04-14 12:48:15.998022,-23.962402,-46.496582,-221.850586
2025-04-14 12:48:16.011022,-24.328613,-45.739746,-223.510742
2025-04-14 12:48:16.024022,-25.000000,-45.251465,-226.977539
2025-04-14 12:48:16.037022,-25.756836,-45.300293,-230.114746
2025-04-14 12:48:16.049022,-25.988770,-44.580078,-232.226562
2025-04-14 12:48:16.062022,-25.451660,-43.737793,-233.959961
2025-04-14 12:48:16.075022,-26.489258,-42.797852,-235.827637
2025-04-14 12:48:16.088022,-26.379395,-42.578125,-239.636230
2025-04-14 12:48:16.101022,-28.259277,-42.871094,-242.834473
2025-04-14 12:48:16.114022,-28.747559,-42.919922,-246.459961
2025-04-14 12:48:16.127022,-28.552246,-41.894531,-248.901367
2025-04-14 12:48:16.140022,-28.588867,-41.113281,-248.510742
2025-04-14 12:48:16.153022,-27.673340,-39.831543,-250.427246
2025-04-14 12:48:16.166022,-27.026367,-39.123535,-251.513672
2025-04-14 12:48:16.178022,-27.478027,-36.425781,-253.283691
2025-04-14 12:48:16.191022,-27.478027,-34.643555,-254.150391
2025-04-14 12:48:16.204022,-27.319336,-33.618164,-257.409668
2025-04-14 12:48:16.217022,-28.015137,-31.640625,-257.702637
2025-04-14 12:48:16.230022,-27.258301,-29.833984,-258.862305
2025-04-14 12:48:16.243022,-26.989746,-28.173828,-258.459473
2025-04-14 12:48:16.256022,-27.001953,-25.891113,-260.375977
2025-04-14 12:48:16.269022,-26.477051,-22.851562,-261.303711
2025-04-14 12:48:16.282022,-25.427246,-19.897461,-259.570312
2025-04-14 12:48:16.295022,-25.476074,-18.188477,-261.877441
2025-04-14 12:48:16.308022,-25.903320,-17.504883,-264.306641
2025-04-14 12:48:16.320022,-26.135254,-16.979980,-265.576172
2025-04-14 12:48:16.333022,-26.171875,-16.674805,-266.699219
2025-04-14 12:48:16.346022,-26.452637,-16.394043,-269.396973
2025-04-14 12:48:16.359022,-25.891113,-15.966797,-268.774414
